ImageName,Label
055997.jpg,1
131827.jpg,1
052069.jpg,1
110305.jpg,1
098890.jpg,1
083327.jpg,0
043095.jpg,1
023620.jpg,1
004381.jpg,1
081647.jpg,0
142908.jpg,1
069053.jpg,0
004998.jpg,0
088454.jpg,1
016981.jpg,1
003290.jpg,0
116030.jpg,0
077046.jpg,0
060590.jpg,0
076624.jpg,0
020067.jpg,0
084523.jpg,0
058180.jpg,1
034148.jpg,0
063410.jpg,1
004059.jpg,1
026997.jpg,1
061041.jpg,1
073410.jpg,0
094676.jpg,1
130748.jpg,1
093157.jpg,0
097386.jpg,1
024197.jpg,0
051337.jpg,1
122998.jpg,1
037209.jpg,0
091959.jpg,0
140532.jpg,0
002770.jpg,0
101414.jpg,0
063498.jpg,1
031950.jpg,1
015713.jpg,1
121591.jpg,1
103300.jpg,1
013967.jpg,0
126791.jpg,0
009237.jpg,1
008187.jpg,0
103889.jpg,1
008265.jpg,1
022317.jpg,1
020471.jpg,1
085180.jpg,1
002463.jpg,0
094586.jpg,1
010235.jpg,1
033817.jpg,1
122671.jpg,0
092012.jpg,1
135559.jpg,0
066180.jpg,1
018983.jpg,1
068056.jpg,1
098932.jpg,1
011542.jpg,1
131388.jpg,1
003090.jpg,0
135310.jpg,0
082735.jpg,0
122462.jpg,1
021215.jpg,0
017032.jpg,0
052837.jpg,1
076837.jpg,1
028779.jpg,0
042201.jpg,1
036295.jpg,1
025846.jpg,0
001070.jpg,0
123388.jpg,1
071763.jpg,1
064090.jpg,0
019645.jpg,0
105854.jpg,1
019422.jpg,1
064662.jpg,0
006580.jpg,0
115609.jpg,0
099035.jpg,1
007415.jpg,1
006961.jpg,1
129918.jpg,1
044772.jpg,0
100163.jpg,1
070400.jpg,0
038614.jpg,1
072287.jpg,1
091120.jpg,0
056132.jpg,1
142696.jpg,0
041688.jpg,1
011036.jpg,0
085355.jpg,1
093721.jpg,0
017372.jpg,0
104920.jpg,1
021942.jpg,0
091453.jpg,0
118047.jpg,1
064140.jpg,0
116454.jpg,1
037965.jpg,1
052098.jpg,0
063018.jpg,1
031854.jpg,1
063373.jpg,0
084740.jpg,1
003467.jpg,1
064664.jpg,0
077572.jpg,1
076106.jpg,0
094804.jpg,1
041931.jpg,0
134321.jpg,1
095317.jpg,1
136113.jpg,0
099791.jpg,1
134753.jpg,1
039444.jpg,0
038005.jpg,0
001750.jpg,0
051249.jpg,0
013737.jpg,0
036329.jpg,1
138306.jpg,1
007611.jpg,1
090513.jpg,1
101772.jpg,0
106574.jpg,1
054639.jpg,1
049633.jpg,1
032408.jpg,1
066488.jpg,1
019134.jpg,0
060140.jpg,1
110877.jpg,0
016514.jpg,1
118518.jpg,0
053327.jpg,0
008094.jpg,1
067725.jpg,0
120149.jpg,0
120870.jpg,0
042384.jpg,1
045741.jpg,0
074201.jpg,1
073040.jpg,0
069141.jpg,0
103914.jpg,0
052466.jpg,0
089074.jpg,1
068390.jpg,1
036664.jpg,0
044936.jpg,1
032263.jpg,0
132263.jpg,1
082039.jpg,1
093351.jpg,0
038064.jpg,0
063913.jpg,1
086837.jpg,0
012512.jpg,1
027445.jpg,1
103384.jpg,1
089857.jpg,1
041251.jpg,1
094892.jpg,1
050041.jpg,1
017559.jpg,1
035725.jpg,1
119158.jpg,0
147148.jpg,0
089424.jpg,0
123619.jpg,1
145806.jpg,1
080876.jpg,1
113009.jpg,0
015133.jpg,1
013491.jpg,0
077672.jpg,0
082700.jpg,0
058632.jpg,1
059160.jpg,1
028712.jpg,1
010233.jpg,1
046885.jpg,1
022636.jpg,0
013257.jpg,0
119448.jpg,0
092450.jpg,0
053272.jpg,0
084492.jpg,1
060295.jpg,1
004215.jpg,0
041558.jpg,1
095695.jpg,1
121869.jpg,0
022586.jpg,0
147265.jpg,0
096249.jpg,0
056738.jpg,1
098844.jpg,1
035978.jpg,1
145857.jpg,1
008379.jpg,1
136799.jpg,1
021366.jpg,0
003640.jpg,1
121319.jpg,1
140151.jpg,0
044026.jpg,0
074139.jpg,0
081266.jpg,1
089240.jpg,1
118281.jpg,0
048600.jpg,0
041392.jpg,1
032767.jpg,1
145150.jpg,1
037477.jpg,0
041419.jpg,1
054610.jpg,1
057726.jpg,0
093083.jpg,1
097107.jpg,0
139244.jpg,0
107993.jpg,1
008098.jpg,1
139423.jpg,0
078822.jpg,1
089318.jpg,1
104229.jpg,1
104448.jpg,0
098745.jpg,1
080574.jpg,0
130800.jpg,0
071444.jpg,0
078357.jpg,1
063430.jpg,0
089759.jpg,0
108374.jpg,0
022617.jpg,0
025529.jpg,1
019784.jpg,0
118079.jpg,1
121992.jpg,0
094238.jpg,0
132237.jpg,1
107164.jpg,0
112064.jpg,0
113115.jpg,0
146440.jpg,1
062387.jpg,0
100922.jpg,0
104449.jpg,1
037470.jpg,1
116854.jpg,0
047293.jpg,0
050926.jpg,1
094565.jpg,0
033700.jpg,1
070276.jpg,1
038897.jpg,1
122417.jpg,1
028994.jpg,1
021195.jpg,1
135393.jpg,1
072723.jpg,1
022794.jpg,1
072205.jpg,0
011337.jpg,0
063595.jpg,0
129059.jpg,1
023657.jpg,1
075453.jpg,0
145489.jpg,0
019953.jpg,1
123659.jpg,0
125903.jpg,0
002713.jpg,1
018603.jpg,1
134768.jpg,1
118088.jpg,0
118347.jpg,0
072185.jpg,0
058143.jpg,0
025014.jpg,1
138573.jpg,0
113645.jpg,1
011940.jpg,0
067901.jpg,0
074312.jpg,0
079933.jpg,0
086857.jpg,1
112332.jpg,1
037891.jpg,1
073858.jpg,0
096701.jpg,0
130511.jpg,0
088714.jpg,0
074927.jpg,1
051120.jpg,0
146391.jpg,1
015542.jpg,0
010881.jpg,1
078211.jpg,1
080311.jpg,0
088299.jpg,1
136380.jpg,0
054642.jpg,1
104863.jpg,1
129189.jpg,1
065548.jpg,1
115929.jpg,0
019424.jpg,1
033193.jpg,1
010672.jpg,0
072706.jpg,1
069756.jpg,0
118187.jpg,1
117762.jpg,1
005399.jpg,0
050136.jpg,0
038306.jpg,0
011219.jpg,0
139469.jpg,1
035539.jpg,1
060630.jpg,1
097032.jpg,1
108291.jpg,0
103697.jpg,0
020551.jpg,0
118883.jpg,1
119561.jpg,1
002080.jpg,0
040534.jpg,1
031003.jpg,0
103307.jpg,1
082094.jpg,0
013838.jpg,0
119629.jpg,1
102865.jpg,0
113860.jpg,1
111359.jpg,0
077011.jpg,0
119491.jpg,1
117423.jpg,0
025267.jpg,1
057867.jpg,0
119312.jpg,0
016337.jpg,1
126658.jpg,0
118632.jpg,1
080462.jpg,0
141168.jpg,0
039556.jpg,0
040011.jpg,1
104578.jpg,0
035999.jpg,0
067290.jpg,1
136047.jpg,0
091820.jpg,0
125825.jpg,1
025905.jpg,1
022876.jpg,0
051476.jpg,0
063992.jpg,0
010935.jpg,0
121189.jpg,1
061955.jpg,1
032680.jpg,1
034841.jpg,1
064229.jpg,1
004181.jpg,1
033992.jpg,1
122585.jpg,0
027365.jpg,1
041768.jpg,0
110261.jpg,1
036377.jpg,0
036493.jpg,0
027552.jpg,0
067312.jpg,0
047032.jpg,0
101069.jpg,1
042675.jpg,1
081837.jpg,0
147523.jpg,1
060531.jpg,1
034402.jpg,0
037221.jpg,0
018762.jpg,1
053767.jpg,0
036766.jpg,1
042114.jpg,1
044485.jpg,1
118630.jpg,0
032932.jpg,1
008438.jpg,1
009325.jpg,0
144957.jpg,1
118369.jpg,0
008138.jpg,1
118308.jpg,0
146879.jpg,0
131931.jpg,1
003977.jpg,0
090689.jpg,1
047330.jpg,0
071512.jpg,0
067042.jpg,0
075995.jpg,0
117205.jpg,0
030764.jpg,1
015364.jpg,0
146757.jpg,1
045982.jpg,1
033396.jpg,0
051661.jpg,1
063261.jpg,0
068346.jpg,1
079638.jpg,1
114981.jpg,0
088939.jpg,0
044591.jpg,0
073098.jpg,0
144289.jpg,0
091122.jpg,1
054149.jpg,0
092453.jpg,0
017839.jpg,0
090113.jpg,1
008684.jpg,0
000090.jpg,0
132919.jpg,0
080429.jpg,1
006638.jpg,1
126954.jpg,1
053419.jpg,1
038678.jpg,0
023871.jpg,0
071809.jpg,1
049273.jpg,1
038387.jpg,0
082440.jpg,0
078377.jpg,0
130743.jpg,1
082195.jpg,0
036672.jpg,0
078691.jpg,1
034451.jpg,1
063823.jpg,1
009151.jpg,0
094552.jpg,0
088002.jpg,0
039879.jpg,1
143075.jpg,1
127950.jpg,1
145861.jpg,0
007628.jpg,0
027104.jpg,0
111054.jpg,1
105132.jpg,1
110649.jpg,0
029969.jpg,0
001316.jpg,1
062331.jpg,1
105279.jpg,0
065947.jpg,0
118211.jpg,0
012363.jpg,0
030517.jpg,0
100008.jpg,1
029464.jpg,0
034210.jpg,0
059867.jpg,1
007222.jpg,1
137398.jpg,0
011751.jpg,0
005936.jpg,0
007749.jpg,0
059663.jpg,1
069432.jpg,0
037805.jpg,1
059304.jpg,1
046886.jpg,1
131175.jpg,0
034184.jpg,1
005608.jpg,1
072743.jpg,1
124378.jpg,1
114292.jpg,0
065286.jpg,0
106837.jpg,1
083534.jpg,1
095653.jpg,1
122963.jpg,1
072475.jpg,0
058861.jpg,0
096467.jpg,1
135098.jpg,0
016092.jpg,0
114268.jpg,1
131517.jpg,0
140596.jpg,1
024760.jpg,1
009841.jpg,0
065739.jpg,0
078755.jpg,1
115730.jpg,0
106486.jpg,0
089640.jpg,1
112865.jpg,0
003057.jpg,0
033768.jpg,0
012770.jpg,0
016570.jpg,1
052546.jpg,1
034323.jpg,1
147615.jpg,0
060769.jpg,1
001989.jpg,1
072006.jpg,1
109981.jpg,0
084426.jpg,0
074496.jpg,0
025450.jpg,0
048578.jpg,0
104184.jpg,0
046190.jpg,1
135163.jpg,1
142754.jpg,1
047350.jpg,1
114611.jpg,0
038677.jpg,0
099607.jpg,1
035744.jpg,1
056700.jpg,1
105436.jpg,0
050562.jpg,0
104916.jpg,1
031813.jpg,1
060166.jpg,0
051206.jpg,0
089386.jpg,0
073813.jpg,1
030511.jpg,1
002450.jpg,1
016883.jpg,1
119844.jpg,1
008733.jpg,0
127980.jpg,1
025420.jpg,1
141422.jpg,0
128893.jpg,0
021941.jpg,0
004324.jpg,0
044417.jpg,1
142439.jpg,0
077751.jpg,0
123959.jpg,1
036461.jpg,1
040206.jpg,1
125266.jpg,0
117116.jpg,0
054735.jpg,1
059654.jpg,1
049429.jpg,1
132195.jpg,0
129413.jpg,0
089185.jpg,1
021884.jpg,1
097875.jpg,0
001112.jpg,1
037045.jpg,1
123094.jpg,1
100156.jpg,0
092693.jpg,1
037280.jpg,1
115437.jpg,1
128621.jpg,1
029812.jpg,0
123873.jpg,1
044834.jpg,0
120852.jpg,0
085566.jpg,0
049797.jpg,1
060123.jpg,0
022409.jpg,1
079149.jpg,1
134275.jpg,0
146875.jpg,1
028471.jpg,1
104600.jpg,1
125350.jpg,1
066397.jpg,1
139293.jpg,1
034295.jpg,0
006712.jpg,0
085704.jpg,1
037782.jpg,1
050253.jpg,0
041233.jpg,0
124594.jpg,0
038111.jpg,1
112915.jpg,0
061976.jpg,0
084418.jpg,1
101090.jpg,0
136007.jpg,1
128888.jpg,1
106747.jpg,1
103458.jpg,1
035426.jpg,1
071254.jpg,0
009837.jpg,0
051371.jpg,1
114464.jpg,1
087228.jpg,1
038751.jpg,0
024954.jpg,1
011043.jpg,1
040359.jpg,0
082863.jpg,1
019731.jpg,1
046495.jpg,1
102196.jpg,0
085849.jpg,1
127709.jpg,1
015607.jpg,0
005453.jpg,0
065544.jpg,1
008641.jpg,1
146743.jpg,1
029241.jpg,1
017982.jpg,1
037036.jpg,1
005749.jpg,1
047406.jpg,1
123414.jpg,1
025318.jpg,0
065193.jpg,0
075202.jpg,0
082694.jpg,0
000307.jpg,1
059348.jpg,0
015565.jpg,1
041658.jpg,0
067793.jpg,0
086344.jpg,1
119609.jpg,0
039064.jpg,1
049847.jpg,1
134714.jpg,0
072392.jpg,1
009599.jpg,1
036332.jpg,0
126508.jpg,1
091554.jpg,0
007262.jpg,0
122718.jpg,1
010663.jpg,0
099611.jpg,1
069690.jpg,1
050983.jpg,1
134863.jpg,1
107331.jpg,1
072720.jpg,0
014415.jpg,1
095099.jpg,0
123382.jpg,1
018099.jpg,0
017892.jpg,0
003229.jpg,1
104598.jpg,1
122897.jpg,1
079304.jpg,0
033721.jpg,0
043043.jpg,1
025337.jpg,1
062056.jpg,1
042720.jpg,0
036283.jpg,1
077477.jpg,1
061542.jpg,0
012771.jpg,0
067079.jpg,1
137350.jpg,0
059630.jpg,0
004777.jpg,1
137275.jpg,0
080085.jpg,0
100382.jpg,1
072419.jpg,1
083790.jpg,0
119848.jpg,1
074198.jpg,1
020331.jpg,1
008704.jpg,0
142327.jpg,0
092859.jpg,1
010849.jpg,0
006500.jpg,0
061856.jpg,1
139241.jpg,1
096626.jpg,1
088756.jpg,0
122923.jpg,1
103417.jpg,0
018047.jpg,1
043338.jpg,1
099017.jpg,1
122632.jpg,0
062602.jpg,0
055583.jpg,0
142741.jpg,1
043894.jpg,0
012884.jpg,1
140037.jpg,1
080832.jpg,1
089512.jpg,1
136141.jpg,0
027837.jpg,0
108614.jpg,0
059512.jpg,1
112813.jpg,0
143341.jpg,1
075472.jpg,1
060748.jpg,0
092106.jpg,0
026293.jpg,1
021342.jpg,0
104624.jpg,0
036852.jpg,0
005047.jpg,0
107947.jpg,0
033021.jpg,0
045666.jpg,0
029487.jpg,0
038299.jpg,0
056699.jpg,1
034387.jpg,1
141278.jpg,1
146922.jpg,1
044281.jpg,0
141691.jpg,0
021603.jpg,1
080730.jpg,0
119837.jpg,0
041346.jpg,1
020280.jpg,1
040731.jpg,0
028090.jpg,0
079067.jpg,0
068736.jpg,1
070614.jpg,1
140541.jpg,1
119296.jpg,0
051880.jpg,1
013779.jpg,1
145578.jpg,1
072771.jpg,0
005696.jpg,0
097734.jpg,1
015773.jpg,0
048579.jpg,0
145944.jpg,1
013987.jpg,1
046824.jpg,1
139332.jpg,0
111980.jpg,1
029216.jpg,1
140513.jpg,0
031996.jpg,1
042819.jpg,1
116161.jpg,0
105216.jpg,0
089133.jpg,0
140025.jpg,0
009925.jpg,0
067022.jpg,1
145002.jpg,0
039825.jpg,0
101934.jpg,1
053494.jpg,1
010056.jpg,1
098564.jpg,0
049817.jpg,0
036742.jpg,0
035846.jpg,0
012479.jpg,0
135801.jpg,1
040701.jpg,0
133771.jpg,0
142948.jpg,1
073646.jpg,1
094751.jpg,1
014817.jpg,0
024321.jpg,1
084429.jpg,0
012758.jpg,0
062295.jpg,0
005421.jpg,1
033092.jpg,0
113893.jpg,0
085283.jpg,1
054471.jpg,1
050135.jpg,1
037626.jpg,1
072397.jpg,1
076232.jpg,0
053699.jpg,1
048431.jpg,1
142214.jpg,0
043433.jpg,1
108896.jpg,0
042664.jpg,1
102528.jpg,0
004805.jpg,0
096372.jpg,1
049039.jpg,1
092671.jpg,0
135630.jpg,0
026739.jpg,1
096603.jpg,1
049543.jpg,0
043310.jpg,1
035146.jpg,1
019899.jpg,10
047550.jpg,0
029830.jpg,0
014325.jpg,0
047518.jpg,0
122049.jpg,0
058298.jpg,0
080123.jpg,1
011462.jpg,0
040318.jpg,0
119308.jpg,1
097603.jpg,0
115302.jpg,1
133570.jpg,1
016079.jpg,0
137443.jpg,1
044759.jpg,1
075668.jpg,1
044664.jpg,0
050955.jpg,0
039670.jpg,0
115455.jpg,0
016531.jpg,0
010289.jpg,1
040490.jpg,0
111172.jpg,1
134559.jpg,1
008606.jpg,1
061590.jpg,0
007082.jpg,0
063354.jpg,0
039955.jpg,0
069238.jpg,0
084681.jpg,0
045097.jpg,0
040794.jpg,0
124156.jpg,0
024670.jpg,1
098507.jpg,0
137635.jpg,1
140944.jpg,1
069918.jpg,1
068829.jpg,0
018865.jpg,1
074120.jpg,0
067987.jpg,1
057734.jpg,0
048733.jpg,1
100804.jpg,0
042360.jpg,1
067982.jpg,0
056351.jpg,1
133060.jpg,0
113625.jpg,1
132142.jpg,1
095948.jpg,0
115031.jpg,1
080511.jpg,0
044282.jpg,1
015386.jpg,0
018007.jpg,1
124917.jpg,1
032876.jpg,0
049332.jpg,0
076857.jpg,1
079781.jpg,1
041544.jpg,0
146290.jpg,1
035530.jpg,0
131463.jpg,1
105689.jpg,1
099164.jpg,1
037119.jpg,0
041199.jpg,0
097489.jpg,1
027376.jpg,1
133513.jpg,1
005034.jpg,1
126381.jpg,1
048150.jpg,1
067540.jpg,0
108205.jpg,0
123551.jpg,0
071011.jpg,0
040476.jpg,0
012189.jpg,0
096417.jpg,0
030760.jpg,1
049921.jpg,1
008795.jpg,1
045022.jpg,0
032744.jpg,0
013418.jpg,0
127960.jpg,0
079080.jpg,0
110254.jpg,1
074325.jpg,1
113435.jpg,0
050651.jpg,1
103748.jpg,1
079109.jpg,1
102838.jpg,1
053837.jpg,1
084353.jpg,1
097379.jpg,1
145926.jpg,0
144030.jpg,1
128747.jpg,1
076908.jpg,1
008348.jpg,0
060482.jpg,1
024117.jpg,0
106631.jpg,1
030076.jpg,0
105736.jpg,1
036668.jpg,1
123950.jpg,0
012797.jpg,1
060326.jpg,0
076988.jpg,1
071751.jpg,1
141508.jpg,0
113046.jpg,1
002381.jpg,1
121206.jpg,0
061967.jpg,0
011342.jpg,1
000166.jpg,1
062320.jpg,0
084017.jpg,0
087253.jpg,1
131444.jpg,1
028978.jpg,0
083857.jpg,0
078863.jpg,0
085380.jpg,0
143995.jpg,1
054098.jpg,1
006579.jpg,0
016117.jpg,0
133068.jpg,0
104073.jpg,1
096012.jpg,0
084464.jpg,0
038625.jpg,1
115726.jpg,1
061205.jpg,0
035137.jpg,0
070815.jpg,1
108110.jpg,0
112606.jpg,1
022789.jpg,1
016300.jpg,0
126222.jpg,0
035377.jpg,0
137492.jpg,0
055641.jpg,0
063716.jpg,0
116589.jpg,0
038969.jpg,1
060054.jpg,0
027748.jpg,0
078308.jpg,1
053091.jpg,0
067350.jpg,1
130863.jpg,0
048411.jpg,0
076047.jpg,1
082030.jpg,0
008233.jpg,0
049402.jpg,1
083789.jpg,1
038134.jpg,0
095707.jpg,0
007148.jpg,1
031521.jpg,1
036900.jpg,0
007070.jpg,0
140332.jpg,0
025088.jpg,0
045234.jpg,0
069626.jpg,0
020385.jpg,1
020436.jpg,0
141700.jpg,0
086257.jpg,0
086851.jpg,0
087841.jpg,0
011537.jpg,0
068585.jpg,0
022318.jpg,0
005233.jpg,0
014524.jpg,1
109302.jpg,0
069602.jpg,0
050372.jpg,0
063778.jpg,0
137872.jpg,1
110370.jpg,1
032092.jpg,1
130157.jpg,1
135334.jpg,1
026232.jpg,0
061824.jpg,1
051402.jpg,1
146926.jpg,1
133503.jpg,1
044033.jpg,1
001488.jpg,1
128293.jpg,1
133704.jpg,1
059601.jpg,0
012213.jpg,0
087852.jpg,1
098382.jpg,1
051419.jpg,0
014882.jpg,0
023901.jpg,0
110995.jpg,0
065262.jpg,0
030476.jpg,1
074075.jpg,1
018386.jpg,1
019757.jpg,0
124309.jpg,1
055346.jpg,0
047864.jpg,1
049996.jpg,1
128513.jpg,0
051944.jpg,0
031810.jpg,1
118575.jpg,1
121230.jpg,1
080456.jpg,0
054366.jpg,0
126395.jpg,1
086155.jpg,0
082591.jpg,0
061428.jpg,0
016426.jpg,1
000703.jpg,0
116758.jpg,0
145212.jpg,1
142378.jpg,1
056746.jpg,1
022685.jpg,1
047438.jpg,0
099993.jpg,1
024757.jpg,1
070090.jpg,0
052216.jpg,1
141612.jpg,0
120853.jpg,0
029218.jpg,0
033093.jpg,0
115512.jpg,0
004164.jpg,0
033848.jpg,1
054823.jpg,0
040080.jpg,1
018720.jpg,1
003997.jpg,0
140168.jpg,0
033716.jpg,1
009702.jpg,0
039773.jpg,1
146506.jpg,1
142703.jpg,0
145623.jpg,0
100044.jpg,0
006574.jpg,0
009452.jpg,1
090331.jpg,1
066906.jpg,1
081092.jpg,0
120811.jpg,0
003811.jpg,1
010244.jpg,1
120559.jpg,1
093990.jpg,1
082598.jpg,0
062360.jpg,1
040273.jpg,1
044972.jpg,1
044670.jpg,0
074337.jpg,0
071671.jpg,0
034650.jpg,0
140607.jpg,0
135822.jpg,1
104748.jpg,0
054756.jpg,1
051217.jpg,0
109654.jpg,1
000551.jpg,1
080670.jpg,1
005052.jpg,1
110542.jpg,0
123063.jpg,1
023101.jpg,0
035839.jpg,1
061534.jpg,0
018753.jpg,1
036513.jpg,0
080897.jpg,1
013864.jpg,0
016489.jpg,0
095745.jpg,1
028724.jpg,0
012724.jpg,1
145403.jpg,1
006221.jpg,1
117849.jpg,0
076258.jpg,1
096751.jpg,1
131047.jpg,0
008686.jpg,1
000847.jpg,0
001003.jpg,1
025425.jpg,0
061080.jpg,0
069630.jpg,1
031532.jpg,1
036573.jpg,1
106692.jpg,1
135880.jpg,0
068577.jpg,1
106769.jpg,1
025180.jpg,1
056463.jpg,0
020089.jpg,1
065000.jpg,1
012431.jpg,0
063322.jpg,1
008313.jpg,1
008208.jpg,0
079587.jpg,0
120147.jpg,0
032222.jpg,0
136958.jpg,0
065180.jpg,0
054221.jpg,1
095502.jpg,0
065766.jpg,0
079987.jpg,1
055266.jpg,0
074843.jpg,0
023265.jpg,0
077171.jpg,0
013262.jpg,1
064719.jpg,0
034942.jpg,0
024147.jpg,1
044714.jpg,1
019832.jpg,0
054853.jpg,1
037177.jpg,0
123519.jpg,1
031247.jpg,0
091893.jpg,1
102618.jpg,1
019215.jpg,1
125617.jpg,1
093337.jpg,0
021946.jpg,0
145631.jpg,0
107513.jpg,0
044309.jpg,1
025543.jpg,0
047524.jpg,1
015286.jpg,1
044939.jpg,1
065030.jpg,0
048287.jpg,1
133839.jpg,0
020168.jpg,0
015749.jpg,1
088685.jpg,0
005197.jpg,1
139514.jpg,0
097763.jpg,1
012623.jpg,1
044352.jpg,0
039234.jpg,1
055990.jpg,0
084725.jpg,0
132714.jpg,1
006832.jpg,0
083003.jpg,0
000077.jpg,0
141767.jpg,0
069576.jpg,0
009610.jpg,0
011670.jpg,1
004109.jpg,0
021794.jpg,0
040752.jpg,0
108316.jpg,0
092762.jpg,0
118082.jpg,1
062596.jpg,0
127545.jpg,0
146082.jpg,1
095853.jpg,1
016456.jpg,0
074356.jpg,0
120961.jpg,0
054148.jpg,0
104194.jpg,1
140460.jpg,1
088237.jpg,0
120499.jpg,1
058171.jpg,1
093762.jpg,0
070933.jpg,1
060787.jpg,0
025802.jpg,0
123189.jpg,0
109735.jpg,1
036865.jpg,0
139788.jpg,0
121966.jpg,0
139839.jpg,0
062354.jpg,0
061145.jpg,0
052839.jpg,1
098489.jpg,1
075878.jpg,0
132244.jpg,0
098166.jpg,0
010403.jpg,0
009315.jpg,1
128840.jpg,0
053652.jpg,1
052505.jpg,1
089083.jpg,0
046818.jpg,1
003734.jpg,1
024556.jpg,0
132086.jpg,0
037828.jpg,1
073477.jpg,0
090734.jpg,1
009528.jpg,0
027988.jpg,0
028552.jpg,1
136619.jpg,1
065143.jpg,1
023038.jpg,1
060225.jpg,1
114624.jpg,1
004192.jpg,0
112557.jpg,0
058483.jpg,0
012185.jpg,0
063052.jpg,0
067615.jpg,0
006639.jpg,0
083365.jpg,1
127439.jpg,1
008062.jpg,0
082350.jpg,0
086927.jpg,1
012965.jpg,1
099047.jpg,1
128859.jpg,0
006899.jpg,0
056947.jpg,1
001441.jpg,0
050873.jpg,1
109547.jpg,1
002895.jpg,1
128302.jpg,0
117854.jpg,0
108959.jpg,1
079754.jpg,0
138542.jpg,1
073189.jpg,1
044959.jpg,1
142687.jpg,0
030876.jpg,0
064597.jpg,1
071136.jpg,0
052013.jpg,1
064775.jpg,1
067602.jpg,1
128704.jpg,1
026703.jpg,1
079158.jpg,0
021259.jpg,0
122502.jpg,0
130001.jpg,1
015761.jpg,1
093782.jpg,0
126917.jpg,1
059644.jpg,1
130372.jpg,0
103542.jpg,0
137121.jpg,0
123825.jpg,0
058407.jpg,1
003989.jpg,1
088628.jpg,1
081498.jpg,0
079030.jpg,0
144369.jpg,1
073392.jpg,0
088192.jpg,1
138940.jpg,0
029017.jpg,0
106793.jpg,0
120558.jpg,1
067466.jpg,1
098188.jpg,1
091667.jpg,0
017960.jpg,0
028418.jpg,1
070347.jpg,0
135526.jpg,0
117961.jpg,0
126903.jpg,1
055660.jpg,1
061497.jpg,1
073373.jpg,1
049636.jpg,0
123730.jpg,1
009048.jpg,1
066358.jpg,0
147217.jpg,0
061866.jpg,0
083238.jpg,0
083084.jpg,0
076593.jpg,0
020210.jpg,1
044671.jpg,0
069200.jpg,1
070451.jpg,1
131578.jpg,1
133349.jpg,1
126152.jpg,1
050379.jpg,1
141232.jpg,0
017675.jpg,1
100340.jpg,1
122969.jpg,0
115728.jpg,1
024540.jpg,1
108336.jpg,1
129002.jpg,0
030987.jpg,1
096514.jpg,0
064107.jpg,1
099839.jpg,1
076502.jpg,0
042152.jpg,0
087268.jpg,1
063281.jpg,1
006096.jpg,1
090338.jpg,1
030342.jpg,0
043887.jpg,1
113336.jpg,1
093738.jpg,1
031325.jpg,1
109285.jpg,0
096133.jpg,1
090561.jpg,1
095196.jpg,0
013798.jpg,1
069638.jpg,0
029831.jpg,1
058615.jpg,1
109244.jpg,0
063292.jpg,1
099560.jpg,1
144694.jpg,0
087159.jpg,0
045071.jpg,1
029735.jpg,0
144585.jpg,1
111910.jpg,1
095197.jpg,0
114568.jpg,0
015407.jpg,0
110296.jpg,1
095619.jpg,0
102275.jpg,1
004823.jpg,0
060698.jpg,1
099237.jpg,0
052630.jpg,1
015457.jpg,0
026718.jpg,0
136813.jpg,0
046699.jpg,1
016292.jpg,0
056803.jpg,0
018445.jpg,1
037027.jpg,0
037369.jpg,1
118152.jpg,1
078844.jpg,1
133794.jpg,0
087289.jpg,1
036463.jpg,1
074812.jpg,1
074817.jpg,0
083130.jpg,1
147407.jpg,0
134131.jpg,0
058500.jpg,0
077831.jpg,1
039060.jpg,0
086750.jpg,1
060969.jpg,1
000553.jpg,0
120699.jpg,1
022550.jpg,1
098960.jpg,1
051934.jpg,1
042444.jpg,0
056155.jpg,1
132674.jpg,0
066941.jpg,1
085440.jpg,0
026426.jpg,1
075393.jpg,1
025768.jpg,1
147482.jpg,1
005816.jpg,0
064594.jpg,1
072009.jpg,1
087436.jpg,1
042931.jpg,0
001021.jpg,1
066474.jpg,1
106186.jpg,1
082929.jpg,1
053117.jpg,0
010636.jpg,0
136484.jpg,1
111593.jpg,0
071666.jpg,0
066329.jpg,1
114594.jpg,1
026865.jpg,1
075938.jpg,0
043411.jpg,1
123973.jpg,1
016786.jpg,1
101015.jpg,0
045547.jpg,0
051975.jpg,1
121245.jpg,1
073817.jpg,0
045785.jpg,0
131508.jpg,0
131324.jpg,1
056874.jpg,0
128067.jpg,1
098615.jpg,0
106888.jpg,0
079166.jpg,0
142023.jpg,0
058848.jpg,0
067499.jpg,0
096099.jpg,1
088551.jpg,1
050550.jpg,0
088737.jpg,0
090889.jpg,1
082182.jpg,0
135173.jpg,0
040598.jpg,0
010628.jpg,0
021488.jpg,1
070144.jpg,1
029767.jpg,0
076319.jpg,1
048383.jpg,1
081012.jpg,0
084305.jpg,0
031040.jpg,0
054563.jpg,1
141319.jpg,1
073394.jpg,1
105949.jpg,1
041770.jpg,0
045531.jpg,0
004244.jpg,0
077128.jpg,0
008367.jpg,0
092247.jpg,0
072770.jpg,0
024719.jpg,0
037222.jpg,1
140811.jpg,0
122352.jpg,1
120011.jpg,0
140318.jpg,0
048900.jpg,1
047321.jpg,1
146458.jpg,1
031646.jpg,1
092043.jpg,1
032426.jpg,0
126338.jpg,1
106196.jpg,1
091950.jpg,0
114320.jpg,1
107332.jpg,0
102617.jpg,0
010478.jpg,0
142073.jpg,0
044881.jpg,1
095721.jpg,0
114736.jpg,1
119499.jpg,1
100553.jpg,1
041409.jpg,0
024295.jpg,1
066189.jpg,0
006540.jpg,1
024583.jpg,1
115839.jpg,1
008357.jpg,1
005504.jpg,1
118606.jpg,1
074895.jpg,1
004812.jpg,0
067638.jpg,1
022552.jpg,0
024755.jpg,0
080823.jpg,1
067545.jpg,0
094485.jpg,1
140543.jpg,1
070544.jpg,0
044189.jpg,1
036228.jpg,1
080436.jpg,1
134070.jpg,0
012282.jpg,1
013930.jpg,0
106699.jpg,0
126726.jpg,1
041382.jpg,1
031975.jpg,0
015490.jpg,0
000102.jpg,0
073290.jpg,1
112198.jpg,1
104881.jpg,1
063979.jpg,0
045861.jpg,1
096634.jpg,1
003294.jpg,1
089805.jpg,1
012650.jpg,0
129855.jpg,0
028769.jpg,1
047260.jpg,0
097540.jpg,1
092356.jpg,1
054706.jpg,0
075981.jpg,1
087538.jpg,0
134678.jpg,1
087838.jpg,1
137795.jpg,1
007588.jpg,1
016965.jpg,1
058449.jpg,1
083887.jpg,1
107762.jpg,1
126439.jpg,0
033609.jpg,0
057006.jpg,1
065663.jpg,0
066064.jpg,0
138351.jpg,1
008997.jpg,0
088832.jpg,0
055403.jpg,0
084128.jpg,0
010156.jpg,1
035042.jpg,0
055657.jpg,1
125649.jpg,0
099050.jpg,0
071187.jpg,0
073723.jpg,1
021014.jpg,1
138405.jpg,1
113141.jpg,0
036714.jpg,1
049556.jpg,1
063163.jpg,1
120241.jpg,1
012296.jpg,0
000115.jpg,0
094573.jpg,0
081348.jpg,0
059988.jpg,0
023548.jpg,1
145422.jpg,0
132857.jpg,0
134045.jpg,0
019443.jpg,0
069187.jpg,0
012963.jpg,0
121798.jpg,0
143490.jpg,0
036834.jpg,0
114461.jpg,0
122327.jpg,1
015295.jpg,0
010872.jpg,1
032899.jpg,0
132308.jpg,1
000206.jpg,1
081934.jpg,0
131483.jpg,0
085094.jpg,1
031762.jpg,1
076099.jpg,0
007336.jpg,0
141008.jpg,1
084953.jpg,1
142705.jpg,1
066542.jpg,1
010747.jpg,0
112131.jpg,0
077174.jpg,1
076519.jpg,1
056127.jpg,0
046207.jpg,1
059796.jpg,0
091838.jpg,1
040415.jpg,1
042732.jpg,1
134054.jpg,1
144206.jpg,0
051823.jpg,1
101429.jpg,0
106263.jpg,1
008785.jpg,1
136593.jpg,0
029234.jpg,1
124643.jpg,1
071142.jpg,1
118388.jpg,1
036572.jpg,0
144514.jpg,1
094559.jpg,1
092243.jpg,0
119037.jpg,1
120331.jpg,1
039021.jpg,0
137746.jpg,1
121797.jpg,1
061538.jpg,0
044634.jpg,0
004438.jpg,0
035433.jpg,1
100335.jpg,0
132508.jpg,0
047701.jpg,0
073971.jpg,1
137964.jpg,0
102681.jpg,0
033577.jpg,0
014956.jpg,0
096037.jpg,0
097774.jpg,1
014949.jpg,0
094748.jpg,0
105341.jpg,0
023310.jpg,0
045420.jpg,0
108367.jpg,0
041880.jpg,0
026113.jpg,0
082540.jpg,2
062168.jpg,0
025222.jpg,0
060308.jpg,0
123762.jpg,1
094138.jpg,1
136056.jpg,0
023377.jpg,0
063477.jpg,0
070668.jpg,0
007858.jpg,1
110375.jpg,0
091521.jpg,0
128004.jpg,1
106001.jpg,1
071318.jpg,1
090783.jpg,1
108378.jpg,1
070666.jpg,1
120516.jpg,0
028125.jpg,0
080287.jpg,1
098899.jpg,1
132728.jpg,0
030611.jpg,1
074218.jpg,1
017253.jpg,1
112524.jpg,1
107683.jpg,1
075277.jpg,0
069128.jpg,1
078777.jpg,1
079318.jpg,0
104429.jpg,0
043083.jpg,0
095018.jpg,1
009485.jpg,0
014529.jpg,1
045222.jpg,0
122350.jpg,0
058459.jpg,1
028067.jpg,1
013407.jpg,1
085708.jpg,1
101664.jpg,1
128795.jpg,1
142157.jpg,0
099097.jpg,0
022693.jpg,0
142558.jpg,0
023706.jpg,1
131331.jpg,0
123401.jpg,0
100549.jpg,1
121042.jpg,0
036640.jpg,1
039408.jpg,0
057783.jpg,1
025652.jpg,0
053257.jpg,1
054160.jpg,0
087105.jpg,0
136951.jpg,1
099743.jpg,1
041891.jpg,1
047485.jpg,0
138377.jpg,1
083367.jpg,1
072072.jpg,0
128652.jpg,1
053415.jpg,0
030951.jpg,1
134091.jpg,1
094271.jpg,1
132744.jpg,1
119309.jpg,1
050782.jpg,0
001747.jpg,1
015372.jpg,1
126392.jpg,1
096425.jpg,1
126671.jpg,1
112921.jpg,0
094648.jpg,0
108526.jpg,0
018059.jpg,0
056496.jpg,1
141877.jpg,1
135375.jpg,0
136016.jpg,1
015389.jpg,0
133993.jpg,0
047856.jpg,0
138498.jpg,1
002079.jpg,1
035854.jpg,1
081779.jpg,0
098397.jpg,0
016082.jpg,1
072242.jpg,1
014708.jpg,0
037060.jpg,0
032672.jpg,0
124285.jpg,0
134082.jpg,1
057200.jpg,0
098218.jpg,1
013524.jpg,1
079132.jpg,1
111420.jpg,0
146643.jpg,1
010599.jpg,0
144485.jpg,0
078567.jpg,1
073026.jpg,0
045015.jpg,0
004182.jpg,1
124379.jpg,0
048908.jpg,0
058690.jpg,1
014394.jpg,0
113984.jpg,1
056070.jpg,0
135780.jpg,0
007993.jpg,0
102777.jpg,1
051689.jpg,1
078219.jpg,1
141039.jpg,1
128045.jpg,0
013449.jpg,0
036446.jpg,0
049657.jpg,0
061959.jpg,0
024650.jpg,0
017957.jpg,0
095095.jpg,1
071957.jpg,1
053233.jpg,1
143584.jpg,0
064187.jpg,0
036544.jpg,0
013008.jpg,0
050287.jpg,0
009667.jpg,1
137967.jpg,0
140212.jpg,0
136198.jpg,0
048439.jpg,1
043563.jpg,1
121605.jpg,1
041715.jpg,0
033472.jpg,0
000476.jpg,0
110552.jpg,0
023671.jpg,0
043652.jpg,0
115298.jpg,1
121263.jpg,1
064270.jpg,1
125742.jpg,0
009884.jpg,0
019476.jpg,1
023135.jpg,1
123478.jpg,1
129221.jpg,1
079417.jpg,1
050457.jpg,0
000856.jpg,1
141952.jpg,1
134470.jpg,1
015707.jpg,0
018495.jpg,0
136287.jpg,1
013141.jpg,1
022637.jpg,1
048658.jpg,1
092087.jpg,1
038850.jpg,1
059087.jpg,1
014407.jpg,1
019412.jpg,1
036856.jpg,0
115766.jpg,0
029180.jpg,0
063314.jpg,1
116985.jpg,1
012276.jpg,0
022165.jpg,1
073155.jpg,1
000980.jpg,0
103389.jpg,0
008811.jpg,1
021441.jpg,1
016404.jpg,1
094684.jpg,1
019625.jpg,0
108279.jpg,1
127339.jpg,0
141950.jpg,1
083230.jpg,1
028936.jpg,1
079676.jpg,1
002130.jpg,0
005185.jpg,0
089874.jpg,0
131237.jpg,0
025070.jpg,1
050190.jpg,0
005027.jpg,0
102357.jpg,0
037826.jpg,0
096166.jpg,0
122929.jpg,0
008828.jpg,0
083307.jpg,1
080256.jpg,0
016147.jpg,0
022272.jpg,0
101795.jpg,0
003142.jpg,0
001158.jpg,1
095738.jpg,1
038513.jpg,0
036471.jpg,1
126430.jpg,0
042237.jpg,0
049540.jpg,1
052649.jpg,1
010141.jpg,0
146576.jpg,0
074712.jpg,1
047021.jpg,1
051277.jpg,1
130340.jpg,0
087659.jpg,0
029982.jpg,1
059697.jpg,0
128026.jpg,1
116887.jpg,0
143224.jpg,0
057271.jpg,0
082138.jpg,0
132752.jpg,0
110241.jpg,0
117721.jpg,1
145821.jpg,1
075411.jpg,1
116339.jpg,1
019958.jpg,1
065537.jpg,1
100714.jpg,1
074148.jpg,0
101504.jpg,0
118337.jpg,1
116116.jpg,1
014247.jpg,0
112893.jpg,1
015688.jpg,1
140348.jpg,1
054134.jpg,0
128303.jpg,0
046819.jpg,0
101697.jpg,1
097322.jpg,1
103603.jpg,0
123439.jpg,0
065453.jpg,1
090931.jpg,1
071786.jpg,0
030524.jpg,1
059154.jpg,0
101725.jpg,1
077085.jpg,0
118699.jpg,0
079419.jpg,0
061766.jpg,1
045726.jpg,1
077896.jpg,1
125373.jpg,0
101871.jpg,1
023466.jpg,0
105978.jpg,1
058838.jpg,0
133048.jpg,0
112896.jpg,0
019886.jpg,1
099678.jpg,0
003285.jpg,1
135030.jpg,0
040657.jpg,1
041214.jpg,0
016199.jpg,1
081069.jpg,1
058256.jpg,0
059427.jpg,1
034382.jpg,0
122942.jpg,1
006437.jpg,0
077561.jpg,1
108558.jpg,1
024398.jpg,0
071881.jpg,0
029307.jpg,0
000149.jpg,1
087211.jpg,0
140199.jpg,0
110534.jpg,0
048111.jpg,1
035052.jpg,1
042372.jpg,0
095405.jpg,1
088131.jpg,0
022201.jpg,1
074474.jpg,1
123688.jpg,1
123126.jpg,0
063875.jpg,1
122171.jpg,1
012620.jpg,0
038055.jpg,0
088660.jpg,0
035389.jpg,0
042086.jpg,1
024765.jpg,0
000468.jpg,0
060970.jpg,0
055841.jpg,0
026687.jpg,0
101531.jpg,1
133240.jpg,1
104612.jpg,1
061126.jpg,1
140964.jpg,10
119053.jpg,0
019637.jpg,0
067580.jpg,1
107775.jpg,0
070233.jpg,0
016451.jpg,0
025401.jpg,1
124168.jpg,1
034459.jpg,0
071967.jpg,0
113903.jpg,1
125500.jpg,0
014170.jpg,1
032299.jpg,1
014140.jpg,0
068980.jpg,1
065555.jpg,1
023289.jpg,1
074820.jpg,0
000586.jpg,1
132117.jpg,0
016841.jpg,1
132449.jpg,1
078149.jpg,0
039280.jpg,0
047726.jpg,1
115211.jpg,1
138202.jpg,0
147104.jpg,0
068172.jpg,1
042401.jpg,0
063505.jpg,0
093056.jpg,1
046549.jpg,1
105137.jpg,1
090337.jpg,0
025176.jpg,0
070211.jpg,1
049629.jpg,0
079660.jpg,0
028492.jpg,0
053750.jpg,1
068942.jpg,1
108725.jpg,0
046437.jpg,0
014077.jpg,1
132361.jpg,0
127299.jpg,0
110968.jpg,1
005906.jpg,0
031890.jpg,0
054174.jpg,0
036951.jpg,0
046978.jpg,0
044988.jpg,0
105151.jpg,0
004891.jpg,0
066629.jpg,1
073755.jpg,0
052872.jpg,1
123260.jpg,0
044151.jpg,0
039219.jpg,0
108618.jpg,0
104989.jpg,1
019833.jpg,0
114398.jpg,1
139398.jpg,0
108597.jpg,0
143415.jpg,0
053424.jpg,0
008508.jpg,1
069837.jpg,0
088791.jpg,1
082154.jpg,0
067614.jpg,0
088657.jpg,1
132139.jpg,1
127777.jpg,0
097142.jpg,0
051458.jpg,0
019754.jpg,1
027082.jpg,0
135815.jpg,1
141203.jpg,1
128395.jpg,0
048113.jpg,1
136336.jpg,0
053108.jpg,0
049093.jpg,1
021764.jpg,0
006207.jpg,0
116811.jpg,0
003315.jpg,1
126532.jpg,0
016979.jpg,1
127393.jpg,0
066248.jpg,0
027992.jpg,1
120274.jpg,1
071971.jpg,0
026110.jpg,0
050565.jpg,0
025209.jpg,0
036323.jpg,0
067721.jpg,1
126616.jpg,1
136350.jpg,0
065483.jpg,1
046119.jpg,1
075423.jpg,0
002442.jpg,0
143456.jpg,1
041162.jpg,1
069958.jpg,1
109254.jpg,0
033419.jpg,1
030798.jpg,0
050384.jpg,0
121182.jpg,0
084294.jpg,0
107097.jpg,0
041581.jpg,0
088726.jpg,1
095410.jpg,1
100708.jpg,1
032971.jpg,0
110665.jpg,0
140888.jpg,1
047959.jpg,0
049909.jpg,0
013855.jpg,0
025532.jpg,1
119775.jpg,0
034493.jpg,0
116536.jpg,1
049201.jpg,0
097436.jpg,1
050479.jpg,1
076205.jpg,0
056435.jpg,0
064333.jpg,0
090598.jpg,0
089850.jpg,1
112529.jpg,0
032248.jpg,0
022942.jpg,0
031632.jpg,1
143814.jpg,0
126648.jpg,1
003814.jpg,1
123917.jpg,0
081244.jpg,1
065469.jpg,0
027039.jpg,0
122902.jpg,0
047450.jpg,1
071601.jpg,1
136560.jpg,1
122143.jpg,1
138718.jpg,1
128750.jpg,1
083411.jpg,1
097707.jpg,0
131149.jpg,1
138333.jpg,0
099593.jpg,0
053964.jpg,0
035739.jpg,0
135768.jpg,1
145969.jpg,1
143572.jpg,1
057214.jpg,1
029532.jpg,1
010986.jpg,10
043632.jpg,1
000762.jpg,1
120695.jpg,0
120688.jpg,1
029801.jpg,0
004177.jpg,1
147117.jpg,0
035849.jpg,0
085264.jpg,1
103070.jpg,1
030704.jpg,0
038224.jpg,1
044387.jpg,1
047191.jpg,1
005810.jpg,1
134357.jpg,0
062677.jpg,1
031228.jpg,1
051670.jpg,0
132257.jpg,0
002421.jpg,0
141266.jpg,0
058910.jpg,0
058550.jpg,0
088948.jpg,1
116961.jpg,0
099168.jpg,1
045538.jpg,1
078144.jpg,0
016238.jpg,1
092645.jpg,0
015785.jpg,1
126642.jpg,1
034475.jpg,1
119549.jpg,0
101334.jpg,1
072852.jpg,0
044989.jpg,0
130123.jpg,0
035889.jpg,1
062962.jpg,0
124632.jpg,0
113732.jpg,0
065812.jpg,1
032393.jpg,1
067092.jpg,1
086011.jpg,0
025599.jpg,0
119599.jpg,0
118450.jpg,0
082481.jpg,1
113733.jpg,1
104511.jpg,0
036017.jpg,0
145524.jpg,1
018943.jpg,0
130261.jpg,1
098867.jpg,0
022298.jpg,0
109933.jpg,0
144095.jpg,1
020306.jpg,0
132870.jpg,0
079519.jpg,0
040889.jpg,1
026054.jpg,1
071867.jpg,0
130248.jpg,0
136587.jpg,1
105053.jpg,0
098744.jpg,0
069403.jpg,0
133515.jpg,1
067962.jpg,0
065736.jpg,0
040399.jpg,1
035027.jpg,0
079028.jpg,0
127788.jpg,0
075371.jpg,0
140016.jpg,0
081520.jpg,0
003781.jpg,0
006483.jpg,1
144445.jpg,1
106943.jpg,1
146271.jpg,1
093925.jpg,1
105405.jpg,0
048758.jpg,0
062615.jpg,1
116125.jpg,1
058266.jpg,1
005347.jpg,0
070739.jpg,0
080962.jpg,1
037939.jpg,1
103337.jpg,1
068201.jpg,1
072494.jpg,0
116748.jpg,1
010246.jpg,0
121299.jpg,1
024229.jpg,1
146863.jpg,0
106362.jpg,1
106008.jpg,0
095269.jpg,1
129572.jpg,0
020827.jpg,0
109820.jpg,0
038007.jpg,1
101734.jpg,0
117354.jpg,1
027238.jpg,0
090693.jpg,1
064848.jpg,0
014580.jpg,0
122990.jpg,0
009839.jpg,0
058549.jpg,1
105128.jpg,1
064308.jpg,0
045749.jpg,1
051038.jpg,0
102558.jpg,0
010686.jpg,0
091889.jpg,1
062253.jpg,0
086234.jpg,0
116884.jpg,0
099259.jpg,1
076606.jpg,0
145129.jpg,0
033003.jpg,1
014456.jpg,0
027764.jpg,0
140467.jpg,1
096851.jpg,1
044862.jpg,1
030867.jpg,0
116524.jpg,0
078982.jpg,1
062966.jpg,1
004368.jpg,1
022560.jpg,0
087924.jpg,0
080712.jpg,1
031493.jpg,1
016351.jpg,1
016988.jpg,1
084899.jpg,1
007184.jpg,0
083776.jpg,0
031817.jpg,1
131379.jpg,0
016609.jpg,1
031192.jpg,1
091894.jpg,0
038599.jpg,0
069950.jpg,0
134971.jpg,0
092033.jpg,1
055027.jpg,1
051082.jpg,1
062639.jpg,0
017466.jpg,1
052136.jpg,0
049886.jpg,1
031305.jpg,0
097799.jpg,1
057725.jpg,1
067288.jpg,0
050843.jpg,0
052527.jpg,1
126770.jpg,0
037383.jpg,0
109931.jpg,1
097333.jpg,0
114732.jpg,1
011015.jpg,1
066565.jpg,1
109015.jpg,1
061721.jpg,1
117077.jpg,0
030808.jpg,1
019034.jpg,0
124162.jpg,0
071539.jpg,0
004461.jpg,1
111157.jpg,0
007390.jpg,0
115189.jpg,1
146172.jpg,1
053749.jpg,1
136187.jpg,1
003746.jpg,1
054801.jpg,1
130331.jpg,1
033407.jpg,0
020123.jpg,1
007794.jpg,1
047657.jpg,1
097416.jpg,0
048857.jpg,0
045747.jpg,0
144579.jpg,0
003789.jpg,0
140468.jpg,1
139300.jpg,1
017686.jpg,0
063499.jpg,0
031673.jpg,1
141889.jpg,1
071347.jpg,1
108592.jpg,1
004526.jpg,1
058193.jpg,1
076784.jpg,0
116096.jpg,0
097047.jpg,0
072712.jpg,0
023084.jpg,1
017258.jpg,0
071665.jpg,1
070219.jpg,0
112362.jpg,0
013567.jpg,1
020509.jpg,1
128338.jpg,0
136384.jpg,0
135515.jpg,1
120886.jpg,1
095101.jpg,1
146782.jpg,0
058985.jpg,0
113963.jpg,0
134861.jpg,0
057935.jpg,0
117568.jpg,1
108195.jpg,0
050829.jpg,1
134395.jpg,1
080158.jpg,1
023704.jpg,1
140303.jpg,1
138662.jpg,1
105835.jpg,0
034125.jpg,0
093151.jpg,0
050897.jpg,1
032901.jpg,0
114728.jpg,1
127911.jpg,0
107941.jpg,0
035728.jpg,1
135930.jpg,1
108869.jpg,1
006020.jpg,0
081566.jpg,0
008667.jpg,0
071268.jpg,0
038361.jpg,0
078851.jpg,1
115812.jpg,0
054876.jpg,0
084119.jpg,1
013032.jpg,1
049089.jpg,1
062066.jpg,0
077446.jpg,1
074723.jpg,0
019133.jpg,0
062153.jpg,0
067918.jpg,1
095477.jpg,0
005407.jpg,1
139451.jpg,0
016622.jpg,0
072777.jpg,1
000630.jpg,0
041864.jpg,0
000951.jpg,1
127461.jpg,0
043744.jpg,1
125783.jpg,0
023526.jpg,1
069248.jpg,0
087524.jpg,0
003206.jpg,0
107758.jpg,0
004115.jpg,1
038504.jpg,0
061624.jpg,1
104045.jpg,0
093784.jpg,0
017512.jpg,1
097738.jpg,1
087399.jpg,1
075066.jpg,0
087770.jpg,0
089067.jpg,0
011755.jpg,1
116609.jpg,0
025067.jpg,1
090878.jpg,0
042439.jpg,0
004951.jpg,1
121061.jpg,0
060549.jpg,0
055673.jpg,1
038316.jpg,0
110598.jpg,0
084095.jpg,0
027340.jpg,1
008028.jpg,1
033227.jpg,1
121090.jpg,0
068487.jpg,0
063944.jpg,1
063054.jpg,1
121673.jpg,0
041664.jpg,0
143774.jpg,1
014326.jpg,0
066035.jpg,1
050095.jpg,0
067668.jpg,1
052748.jpg,0
028284.jpg,0
047110.jpg,1
007136.jpg,1
036307.jpg,1
067495.jpg,1
070169.jpg,1
004108.jpg,1
024796.jpg,0
036858.jpg,1
078664.jpg,0
139388.jpg,1
013840.jpg,0
096714.jpg,0
133000.jpg,1
097384.jpg,0
063808.jpg,0
001305.jpg,0
046991.jpg,1
114149.jpg,1
027097.jpg,0
145046.jpg,1
016685.jpg,0
038611.jpg,1
054316.jpg,1
135482.jpg,1
126626.jpg,1
134067.jpg,1
022913.jpg,1
105426.jpg,0
087868.jpg,1
101266.jpg,0
096045.jpg,0
053065.jpg,1
031600.jpg,1
076060.jpg,1
030158.jpg,1
036218.jpg,1
058568.jpg,0
017054.jpg,0
124905.jpg,0
147546.jpg,1
008114.jpg,0
138082.jpg,0
117605.jpg,0
011723.jpg,1
128752.jpg,0
030190.jpg,0
022233.jpg,1
112232.jpg,1
019299.jpg,1
051266.jpg,1
039410.jpg,0
000738.jpg,0
048130.jpg,0
125926.jpg,0
114109.jpg,1
103525.jpg,1
052362.jpg,0
025813.jpg,0
042326.jpg,0
040931.jpg,1
079907.jpg,1
024948.jpg,0
113669.jpg,1
077575.jpg,0
036622.jpg,0
034166.jpg,1
114248.jpg,1
087107.jpg,0
145197.jpg,1
134748.jpg,1
033646.jpg,0
033222.jpg,0
048750.jpg,1
065074.jpg,1
109210.jpg,1
091179.jpg,0
007168.jpg,0
028317.jpg,0
053743.jpg,1
119539.jpg,1
130300.jpg,1
112860.jpg,1
025199.jpg,0
101106.jpg,1
133020.jpg,1
035536.jpg,1
018964.jpg,1
088599.jpg,0
087693.jpg,0
134591.jpg,1
023209.jpg,1
122714.jpg,0
083624.jpg,1
018058.jpg,1
063545.jpg,0
072648.jpg,0
096679.jpg,0
036219.jpg,0
045650.jpg,0
079901.jpg,1
050276.jpg,1
022188.jpg,1
090942.jpg,0
021874.jpg,1
072819.jpg,1
022155.jpg,0
135826.jpg,1
030881.jpg,1
096503.jpg,0
002171.jpg,1
011703.jpg,1
109852.jpg,1
100179.jpg,0
125007.jpg,0
104010.jpg,1
135745.jpg,0
001612.jpg,1
054073.jpg,1
119963.jpg,1
095404.jpg,1
077535.jpg,0
100412.jpg,0
040641.jpg,1
103152.jpg,0
067841.jpg,1
017700.jpg,0
055411.jpg,1
122264.jpg,1
139925.jpg,0
065795.jpg,0
101306.jpg,1
136301.jpg,1
045246.jpg,1
134902.jpg,1
121705.jpg,1
063352.jpg,0
056623.jpg,0
099264.jpg,1
046753.jpg,0
088516.jpg,1
128226.jpg,0
057976.jpg,1
034532.jpg,0
096116.jpg,1
128873.jpg,0
015700.jpg,1
071563.jpg,0
013985.jpg,0
023542.jpg,1
078438.jpg,1
015676.jpg,1
028404.jpg,1
128612.jpg,0
098121.jpg,0
093628.jpg,1
131040.jpg,1
032091.jpg,1
131487.jpg,1
095387.jpg,0
078112.jpg,1
009371.jpg,1
006682.jpg,0
081778.jpg,1
009399.jpg,0
085176.jpg,0
002942.jpg,0
070508.jpg,0
120521.jpg,1
124838.jpg,0
114084.jpg,1
010391.jpg,1
035242.jpg,0
073468.jpg,0
011486.jpg,1
112434.jpg,1
002847.jpg,0
053498.jpg,1
104568.jpg,1
030246.jpg,1
056964.jpg,1
060798.jpg,0
014037.jpg,1
066289.jpg,1
084727.jpg,0
112464.jpg,0
110957.jpg,1
046901.jpg,1
015961.jpg,1
035461.jpg,0
077351.jpg,1
039853.jpg,0
094551.jpg,0
096604.jpg,0
127265.jpg,1
124213.jpg,1
034331.jpg,0
110630.jpg,1
095651.jpg,1
008897.jpg,1
132043.jpg,0
038457.jpg,0
135569.jpg,0
093160.jpg,1
109339.jpg,0
109556.jpg,0
085288.jpg,0
144669.jpg,1
057872.jpg,1
103846.jpg,0
065419.jpg,1
066051.jpg,1
083120.jpg,1
031150.jpg,0
072232.jpg,0
132947.jpg,1
117315.jpg,0
050740.jpg,1
144708.jpg,1
026735.jpg,1
052097.jpg,0
088356.jpg,0
047737.jpg,0
103223.jpg,0
063083.jpg,1
085408.jpg,1
145982.jpg,1
070772.jpg,1
021642.jpg,0
141697.jpg,0
071701.jpg,1
075021.jpg,0
091879.jpg,0
118340.jpg,0
019606.jpg,0
122586.jpg,0
102797.jpg,1
129939.jpg,0
086909.jpg,1
080142.jpg,0
092132.jpg,1
026347.jpg,0
132639.jpg,0
003481.jpg,0
073267.jpg,0
141576.jpg,0
022770.jpg,0
112241.jpg,1
014641.jpg,1
080828.jpg,0
082593.jpg,0
056121.jpg,0
017410.jpg,1
027170.jpg,0
067737.jpg,1
123158.jpg,1
140262.jpg,1
066959.jpg,1
104333.jpg,0
011104.jpg,1
059874.jpg,0
114449.jpg,0
000411.jpg,1
140682.jpg,0
076901.jpg,0
017695.jpg,1
030212.jpg,1
124031.jpg,1
059823.jpg,1
026888.jpg,1
027057.jpg,0
044657.jpg,1
116032.jpg,1
107785.jpg,1
097214.jpg,1
125921.jpg,0
117204.jpg,1
138905.jpg,1
032991.jpg,1
039198.jpg,0
012246.jpg,1
063133.jpg,1
129345.jpg,1
104935.jpg,0
052945.jpg,0
135787.jpg,1
099738.jpg,1
002408.jpg,1
109009.jpg,1
129861.jpg,1
086479.jpg,0
077886.jpg,0
127856.jpg,0
024589.jpg,0
055861.jpg,1
104134.jpg,1
005732.jpg,1
046017.jpg,1
088266.jpg,1
096274.jpg,0
086743.jpg,1
045382.jpg,1
027307.jpg,1
130964.jpg,0
060692.jpg,1
117723.jpg,0
146278.jpg,1
035314.jpg,1
139822.jpg,0
016636.jpg,0
091406.jpg,0
127783.jpg,0
028411.jpg,1
134115.jpg,0
074993.jpg,1
095779.jpg,0
081620.jpg,1
052712.jpg,0
118676.jpg,1
138446.jpg,0
000756.jpg,1
123162.jpg,1
016749.jpg,1
045310.jpg,0
021050.jpg,0
022067.jpg,1
048412.jpg,1
108004.jpg,0
100118.jpg,1
072848.jpg,0
119264.jpg,1
019341.jpg,1
089663.jpg,0
107358.jpg,1
037240.jpg,1
112245.jpg,1
077837.jpg,0
087452.jpg,1
086965.jpg,1
125352.jpg,1
044398.jpg,0
073284.jpg,1
068722.jpg,1
144081.jpg,0
020941.jpg,0
084668.jpg,1
025676.jpg,1
137046.jpg,1
068771.jpg,1
097398.jpg,0
083548.jpg,0
057260.jpg,1
124287.jpg,1
084442.jpg,0
105419.jpg,0
104435.jpg,0
034036.jpg,0
003870.jpg,1
130761.jpg,1
065060.jpg,1
070453.jpg,1
107271.jpg,0
099539.jpg,0
021715.jpg,1
090171.jpg,1
104829.jpg,0
118599.jpg,1
067787.jpg,1
140091.jpg,0
016462.jpg,1
103208.jpg,1
126020.jpg,0
072778.jpg,1
083240.jpg,1
115724.jpg,1
105524.jpg,1
001033.jpg,1
106946.jpg,1
014961.jpg,0
064822.jpg,1
086836.jpg,1
088077.jpg,0
064184.jpg,1
036560.jpg,1
072990.jpg,1
012036.jpg,1
053649.jpg,0
036813.jpg,0
021205.jpg,0
121535.jpg,1
035988.jpg,0
060432.jpg,1
104738.jpg,0
123544.jpg,0
144617.jpg,0
019925.jpg,0
049973.jpg,1
092113.jpg,1
121082.jpg,0
019083.jpg,0
096567.jpg,0
073402.jpg,0
030910.jpg,1
002856.jpg,1
106035.jpg,1
120681.jpg,0
087515.jpg,1
088238.jpg,1
026994.jpg,0
053083.jpg,0
012530.jpg,0
105871.jpg,0
067734.jpg,0
057136.jpg,0
064581.jpg,1
035615.jpg,0
023668.jpg,0
000820.jpg,1
102424.jpg,1
053808.jpg,1
115572.jpg,1
037246.jpg,1
037339.jpg,0
053904.jpg,1
082687.jpg,1
006211.jpg,1
088021.jpg,0
117882.jpg,1
048854.jpg,1
098429.jpg,0
109587.jpg,0
088549.jpg,1
104510.jpg,1
079259.jpg,0
087287.jpg,1
143724.jpg,0
029806.jpg,0
045284.jpg,0
105274.jpg,0
044058.jpg,0
022866.jpg,1
029836.jpg,1
084115.jpg,1
013958.jpg,1
005803.jpg,1
122996.jpg,1
042410.jpg,0
046361.jpg,1
015779.jpg,1
143388.jpg,0
108186.jpg,0
061118.jpg,0
005883.jpg,0
050494.jpg,1
063405.jpg,1
129479.jpg,0
108382.jpg,1
145257.jpg,1
029520.jpg,1
111878.jpg,0
025718.jpg,0
058111.jpg,0
037749.jpg,0
097950.jpg,1
024688.jpg,0
071042.jpg,0
078979.jpg,1
114608.jpg,1
027511.jpg,0
095436.jpg,1
062991.jpg,0
055098.jpg,0
010508.jpg,0
002344.jpg,0
032980.jpg,1
071197.jpg,0
032612.jpg,0
056980.jpg,0
145057.jpg,1
090015.jpg,1
001972.jpg,1
071077.jpg,0
090826.jpg,1
025671.jpg,1
103407.jpg,1
110747.jpg,1
143525.jpg,0
057796.jpg,0
019484.jpg,1
092310.jpg,0
056598.jpg,0
136453.jpg,0
108966.jpg,0
087853.jpg,0
079008.jpg,1
037178.jpg,1
000865.jpg,1
101849.jpg,0
007411.jpg,1
144163.jpg,1
077442.jpg,1
038798.jpg,1
082161.jpg,0
069039.jpg,1
138259.jpg,1
038144.jpg,1
036720.jpg,0
030448.jpg,1
033881.jpg,1
120471.jpg,1
098702.jpg,0
018622.jpg,0
085541.jpg,1
117834.jpg,1
065040.jpg,1
093842.jpg,1
134889.jpg,1
021933.jpg,1
052796.jpg,0
130653.jpg,0
133366.jpg,0
067996.jpg,1
109746.jpg,1
062343.jpg,0
055868.jpg,1
035470.jpg,0
065302.jpg,0
047865.jpg,1
037732.jpg,0
075988.jpg,1
116767.jpg,0
023698.jpg,1
073614.jpg,0
022744.jpg,0
066581.jpg,1
144029.jpg,0
021284.jpg,1
033832.jpg,0
122133.jpg,1
061796.jpg,0
064177.jpg,1
078601.jpg,0
098189.jpg,1
114063.jpg,0
147596.jpg,0
042529.jpg,1
064183.jpg,0
129298.jpg,1
057018.jpg,1
104745.jpg,1
144649.jpg,0
135087.jpg,1
114585.jpg,0
002762.jpg,1
084487.jpg,1
081053.jpg,0
122308.jpg,0
049763.jpg,0
078030.jpg,1
096940.jpg,0
093261.jpg,1
104543.jpg,1
097469.jpg,1
092891.jpg,1
117301.jpg,0
115429.jpg,1
023848.jpg,0
134881.jpg,1
029426.jpg,0
084042.jpg,1
142239.jpg,1
075475.jpg,0
071733.jpg,1
135664.jpg,0
133508.jpg,1
080770.jpg,0
066607.jpg,1
110002.jpg,0
132295.jpg,1
105501.jpg,1
077724.jpg,1
037381.jpg,1
054530.jpg,1
030484.jpg,0
047123.jpg,0
047400.jpg,1
012625.jpg,0
122077.jpg,0
072630.jpg,1
060774.jpg,0
137221.jpg,0
048754.jpg,1
107857.jpg,0
116814.jpg,1
099504.jpg,0
001931.jpg,1
127956.jpg,0
105695.jpg,1
113158.jpg,1
086331.jpg,0
132298.jpg,0
090560.jpg,0
013758.jpg,0
072575.jpg,1
084544.jpg,1
074992.jpg,1
082461.jpg,1
115821.jpg,1
035421.jpg,0
024048.jpg,0
137033.jpg,0
132243.jpg,1
053474.jpg,1
051571.jpg,0
101840.jpg,1
101228.jpg,0
067070.jpg,0
075852.jpg,0
091221.jpg,1
008538.jpg,1
105154.jpg,1
089733.jpg,1
110255.jpg,0
089066.jpg,1
005662.jpg,1
092553.jpg,0
114285.jpg,1
143504.jpg,0
105327.jpg,0
029111.jpg,1
141967.jpg,0
100831.jpg,0
131493.jpg,0
035283.jpg,1
031314.jpg,1
011246.jpg,0
071811.jpg,1
040000.jpg,1
095216.jpg,1
107398.jpg,1
137204.jpg,0
049925.jpg,1
105099.jpg,0
133898.jpg,1
014596.jpg,1
025056.jpg,1
048169.jpg,0
050091.jpg,1
121428.jpg,0
142684.jpg,1
004494.jpg,1
128394.jpg,1
096949.jpg,1
135776.jpg,0
029584.jpg,0
147494.jpg,1
102397.jpg,0
086468.jpg,1
133418.jpg,1
016613.jpg,1
088932.jpg,0
115060.jpg,0
103313.jpg,1
147089.jpg,0
026041.jpg,1
032917.jpg,0
034698.jpg,0
145467.jpg,1
092482.jpg,1
050492.jpg,0
105582.jpg,0
086994.jpg,0
050638.jpg,0
096195.jpg,0
039083.jpg,1
068388.jpg,1
143225.jpg,0
059043.jpg,0
052407.jpg,0
038080.jpg,0
097568.jpg,1
120787.jpg,0
029335.jpg,1
007181.jpg,0
012070.jpg,0
087525.jpg,1
043235.jpg,0
071626.jpg,1
050388.jpg,0
085256.jpg,1
089097.jpg,1
007492.jpg,1
106740.jpg,1
054091.jpg,0
052690.jpg,0
053735.jpg,0
036564.jpg,1
118650.jpg,1
046914.jpg,1
059082.jpg,0
041493.jpg,1
016034.jpg,1
027044.jpg,1
090240.jpg,0
134628.jpg,0
094442.jpg,1
041545.jpg,0
107616.jpg,1
007143.jpg,0
056184.jpg,1
009214.jpg,1
134154.jpg,1
026203.jpg,0
073075.jpg,0
013613.jpg,1
092058.jpg,0
110666.jpg,0
097281.jpg,1
004609.jpg,1
066893.jpg,1
111150.jpg,1
088505.jpg,1
011983.jpg,0
126413.jpg,1
032895.jpg,1
004270.jpg,0
097890.jpg,1
029169.jpg,0
063515.jpg,0
009501.jpg,1
107299.jpg,0
132873.jpg,0
080119.jpg,1
017378.jpg,0
129739.jpg,1
072284.jpg,0
031927.jpg,0
074195.jpg,1
101002.jpg,0
034998.jpg,0
060424.jpg,0
045688.jpg,1
055638.jpg,1
033190.jpg,1
123036.jpg,1
121607.jpg,0
079875.jpg,1
040979.jpg,0
116938.jpg,1
118765.jpg,1
132199.jpg,1
022610.jpg,1
024052.jpg,0
136803.jpg,0
094506.jpg,1
116354.jpg,1
086219.jpg,0
110497.jpg,0
051604.jpg,1
036202.jpg,0
059153.jpg,0
111230.jpg,1
100369.jpg,1
089277.jpg,1
061896.jpg,1
130719.jpg,0
071712.jpg,1
137270.jpg,0
078638.jpg,0
090518.jpg,0
135395.jpg,1
116910.jpg,1
072939.jpg,0
130457.jpg,1
068620.jpg,0
065457.jpg,1
126115.jpg,0
068705.jpg,0
108998.jpg,1
071892.jpg,0
005334.jpg,1
113431.jpg,1
091566.jpg,0
028493.jpg,0
027246.jpg,0
068080.jpg,0
094068.jpg,1
142029.jpg,1
130164.jpg,0
032414.jpg,1
085217.jpg,0
000407.jpg,1
052669.jpg,0
142859.jpg,1
028630.jpg,1
050724.jpg,1
007798.jpg,0
000282.jpg,0
100719.jpg,0
002929.jpg,1
036077.jpg,0
017452.jpg,1
144502.jpg,1
131502.jpg,0
121446.jpg,0
064615.jpg,0
106710.jpg,1
127796.jpg,0
126067.jpg,1
106541.jpg,0
046712.jpg,1
096529.jpg,1
140242.jpg,1
108375.jpg,1
080711.jpg,0
056050.jpg,0
050447.jpg,1
002911.jpg,0
017021.jpg,0
040717.jpg,1
138185.jpg,0
125867.jpg,0
036749.jpg,1
095565.jpg,1
076827.jpg,1
135205.jpg,0
098119.jpg,1
059032.jpg,1
077173.jpg,0
116170.jpg,0
053875.jpg,0
103999.jpg,1
061559.jpg,1
079862.jpg,0
062231.jpg,1
137387.jpg,0
145437.jpg,1
058369.jpg,0
078296.jpg,1
005268.jpg,0
028565.jpg,0
125845.jpg,0
126050.jpg,0
081329.jpg,0
019259.jpg,1
134931.jpg,0
101958.jpg,1
040044.jpg,1
012728.jpg,1
003355.jpg,0
011161.jpg,0
062359.jpg,0
117287.jpg,0
126445.jpg,1
138154.jpg,1
133976.jpg,1
015835.jpg,1
004796.jpg,0
066872.jpg,1
007753.jpg,0
104610.jpg,0
043473.jpg,0
136017.jpg,1
137074.jpg,1
084789.jpg,1
001490.jpg,1
023809.jpg,0
077256.jpg,1
019192.jpg,0
028981.jpg,0
032603.jpg,0
139060.jpg,0
087190.jpg,1
077043.jpg,1
028826.jpg,0
120341.jpg,1
109669.jpg,1
052493.jpg,1
008336.jpg,0
017837.jpg,1
137427.jpg,1
060543.jpg,1
120468.jpg,0
099298.jpg,0
105970.jpg,1
112844.jpg,1
054534.jpg,1
090180.jpg,1
080644.jpg,0
068862.jpg,0
117622.jpg,1
146763.jpg,0
066069.jpg,0
008981.jpg,1
085516.jpg,1
005006.jpg,0
144504.jpg,0
078100.jpg,1
043448.jpg,1
010598.jpg,1
083061.jpg,1
084653.jpg,1
005113.jpg,0
011022.jpg,1
019863.jpg,1
126764.jpg,1
099274.jpg,1
119109.jpg,0
039255.jpg,0
073713.jpg,0
035309.jpg,1
071558.jpg,0
031862.jpg,0
093027.jpg,0
029012.jpg,0
023729.jpg,0
042861.jpg,0
100770.jpg,0
054683.jpg,0
092398.jpg,0
051292.jpg,0
046185.jpg,1
075588.jpg,0
127198.jpg,1
024030.jpg,1
051013.jpg,0
048866.jpg,0
125172.jpg,0
108608.jpg,0
057623.jpg,0
067448.jpg,0
100747.jpg,1
075619.jpg,1
046829.jpg,1
042131.jpg,1
127711.jpg,0
099550.jpg,1
060868.jpg,1
084774.jpg,0
070364.jpg,0
054987.jpg,0
100786.jpg,1
078079.jpg,1
084030.jpg,1
139144.jpg,1
009316.jpg,1
056914.jpg,1
023821.jpg,1
036956.jpg,1
018394.jpg,1
108389.jpg,0
039899.jpg,1
143344.jpg,1
062518.jpg,1
129247.jpg,0
006553.jpg,0
115737.jpg,0
049621.jpg,1
086895.jpg,1
062400.jpg,1
125093.jpg,1
003059.jpg,0
140905.jpg,1
069684.jpg,0
043820.jpg,0
098245.jpg,1
139685.jpg,0
065358.jpg,0
094677.jpg,0
003594.jpg,0
146240.jpg,1
137345.jpg,0
074228.jpg,0
114459.jpg,0
039506.jpg,1
124344.jpg,0
132371.jpg,1
001312.jpg,1
050012.jpg,1
014930.jpg,0
057002.jpg,1
115128.jpg,1
096347.jpg,1
032986.jpg,1
040087.jpg,0
092431.jpg,0
041637.jpg,1
134986.jpg,1
090275.jpg,1
056246.jpg,1
054629.jpg,0
140800.jpg,0
071978.jpg,1
055082.jpg,0
012901.jpg,1
145518.jpg,0
135521.jpg,0
032145.jpg,11
023368.jpg,1
035859.jpg,0
025820.jpg,0
098869.jpg,0
026000.jpg,0
110404.jpg,0
015263.jpg,0
128617.jpg,1
057539.jpg,0
004822.jpg,1
053797.jpg,0
053680.jpg,0
134966.jpg,0
085526.jpg,0
021144.jpg,1
106467.jpg,1
028719.jpg,0
080924.jpg,0
143193.jpg,1
031062.jpg,1
069358.jpg,1
020980.jpg,0
054562.jpg,1
060287.jpg,0
124393.jpg,11
057958.jpg,1
024558.jpg,1
102230.jpg,0
071324.jpg,0
010932.jpg,1
065879.jpg,0
036183.jpg,1
147173.jpg,0
008488.jpg,0
036520.jpg,1
116009.jpg,0
109975.jpg,0
134590.jpg,0
073202.jpg,0
004931.jpg,1
082167.jpg,0
053236.jpg,1
048642.jpg,1
027077.jpg,1
074497.jpg,1
095117.jpg,1
117120.jpg,1
105763.jpg,1
002687.jpg,1
107336.jpg,0
065615.jpg,0
135177.jpg,1
032069.jpg,0
053502.jpg,0
035895.jpg,0
041554.jpg,0
080156.jpg,0
036293.jpg,1
141212.jpg,0
006769.jpg,0
098137.jpg,1
026555.jpg,1
125026.jpg,0
119693.jpg,1
004902.jpg,0
007509.jpg,0
136618.jpg,1
136885.jpg,0
033855.jpg,0
142940.jpg,0
101656.jpg,1
054738.jpg,0
114941.jpg,1
067712.jpg,1
069294.jpg,1
005510.jpg,1
028548.jpg,1
044032.jpg,0
106061.jpg,0
000807.jpg,0
101946.jpg,1
070769.jpg,1
015384.jpg,0
015543.jpg,1
035336.jpg,1
078451.jpg,0
092969.jpg,1
134822.jpg,1
082227.jpg,1
119207.jpg,0
056796.jpg,0
109529.jpg,0
143704.jpg,0
107463.jpg,0
050690.jpg,1
108441.jpg,0
126027.jpg,11
073606.jpg,1
121318.jpg,1
094567.jpg,0
118921.jpg,0
011002.jpg,0
130305.jpg,0
047629.jpg,1
071037.jpg,1
132626.jpg,0
134439.jpg,0
111417.jpg,0
129724.jpg,1
030397.jpg,0
144194.jpg,1
108303.jpg,0
039647.jpg,0
002941.jpg,1
078203.jpg,0
106745.jpg,0
086447.jpg,11
076350.jpg,1
014593.jpg,0
086434.jpg,1
093712.jpg,0
129938.jpg,1
048410.jpg,1
031101.jpg,1
124930.jpg,1
033698.jpg,0
119699.jpg,0
060128.jpg,0
131824.jpg,1
055835.jpg,1
040915.jpg,1
034621.jpg,1
123179.jpg,1
028154.jpg,1
073773.jpg,0
147345.jpg,0
009554.jpg,1
138957.jpg,1
106698.jpg,1
103637.jpg,1
027028.jpg,1
028932.jpg,1
015251.jpg,1
030520.jpg,0
101688.jpg,1
144066.jpg,0
014318.jpg,1
051265.jpg,0
105880.jpg,0
101308.jpg,0
044907.jpg,1
007014.jpg,0
032494.jpg,0
065105.jpg,0
088479.jpg,1
047000.jpg,1
113802.jpg,0
096831.jpg,1
074346.jpg,1
030516.jpg,0
135628.jpg,0
038825.jpg,0
005358.jpg,0
024680.jpg,1
083279.jpg,0
